[{"CollegeName":"IIT-MADRAS","NirfRanking":"1","PlacementPercentage":"67.00%","C
ampusSize":"617acres","TotalFaculƟes":"458"},
{"CollegeName":"IIT-DELHI","NirfRanking":"2","PlacementPercentage":"91.70","Campu
sSize":"320acres","TotalFaculƟes":"511"},
{"CollegeName":"IIT-BOMBAY","NirfRanking":"3","PlacementPercentage":"83.58%","Ca
mpusSize":"550acres","TotalFaculƟes":"678"},
{"CollegeName":"IIT-KANPUR","NirfRanking":"4","PlacementPercentage":"93.17%","Ca
mpusSize":"1055acres","TotalFaculƟes":"458"},
{"CollegeName":"IIT-KHARAGPUR","NirfRanking":"5","PlacementPercentage":"27.82%",
"CampusSize":"2100acres","TotalFaculƟes":"673"},
{"CollegeName":"IIT-ROORKEE","NirfRanking":"6","PlacementPercentage":"60%","Cam
pusSize":"365acres","TotalFaculƟes":"425"},
{"CollegeName":"IIT-GUWAHATI","NirfRanking":"7","PlacementPercentage":"65.28%","
CampusSize":"691.9acres","TotalFaculƟes":"24"},
{"CollegeName":"IIT-HYDERABAD","NirfRanking":"8","PlacementPercentage":"69.55%",
"CampusSize":"576acres","TotalFaculƟes":"199"},
{"CollegeName":"NIT-TIRUCHIRAPPALLI","NirfRanking":"9","PlacementPercentage":"87.
10%","CampusSize":"800acres","TotalFaculƟes":"458"},